{"v":"5.7.4","fr":25,"ip":0,"op":176,"w":1228,"h":1176,"nm":"ball_illustration-05","ddd":0,"assets":[{"id":"image_0","w":89,"h":82,"u":"images/","p":"img_0.png","e":0},{"id":"image_1","w":89,"h":82,"u":"images/","p":"img_1.png","e":0},{"id":"image_2","w":89,"h":82,"u":"images/","p":"img_2.png","e":0},{"id":"image_3","w":89,"h":82,"u":"images/","p":"img_3.png","e":0},{"id":"image_4","w":89,"h":82,"u":"images/","p":"img_4.png","e":0},{"id":"image_5","w":89,"h":82,"u":"images/","p":"img_5.png","e":0},{"id":"image_6","w":212,"h":209,"u":"images/","p":"img_6.png","e":0},{"id":"image_7","w":204,"h":232,"u":"images/","p":"img_7.png","e":0},{"id":"image_8","w":545,"h":1088,"u":"images/","p":"img_8.png","e":0},{"id":"image_9","w":1083,"h":916,"u":"images/","p":"img_9.png","e":0},{"id":"image_10","w":1083,"h":916,"u":"images/","p":"img_10.png","e":0}],"layers":[{"ddd":0,"ind":1,"ty":2,"nm":"ball 1","parent":17,"refId":"image_0","sr":1,"ks":{"o":{"a":0,"k":100,"ix":11},"r":{"a":0,"k":0,"ix":10},"p":{"a":1,"k":[{"i":{"x":0.23,"y":1},"o":{"x":0.27,"y":0},"t":0,"s":[-11.487,-254.245,0],"to":[-348.333,-183.667,0],"ti":[32.333,-10.333,0]},{"t":113,"s":[-445.487,-348.245,0]}],"ix":2,"l":2},"a":{"a":0,"k":[44.198,40.728,0],"ix":1,"l":2},"s":{"a":1,"k":[{"i":{"x":[0.833,0.833,0.833],"y":[0.833,0.833,0.833]},"o":{"x":[0.167,0.167,0.167],"y":[0.167,0.167,0.167]},"t":6,"s":[0,0,100]},{"t":26,"s":[100,100,100]}],"ix":6,"x":"var $bm_rt;\nfunction easeandwizz_inoutExpo(t, b, c, d) {\n    var CORRECTION = 0.000976563;\n    var v;\n    if ((t /= d / 2) < 1) {\n        v = $bm_sub(Math.pow(2, $bm_mul(10, $bm_sub(t, 1))), CORRECTION);\n    } else {\n        v = $bm_sum($bm_sum($bm_neg(Math.pow(2, $bm_mul(-10, $bm_sub(t, 1)))), 2), CORRECTION);\n    }\n    return $bm_sum(b, $bm_mul($bm_div(v, 2), c));\n}\nfunction easeAndWizz() {\n    var t, d, sX, eX;\n    var n = 0;\n    if (numKeys > 0) {\n        n = nearestKey(time).index;\n        if (key(n).time > time) {\n            n--;\n        }\n    }\n    try {\n        var key1 = key(n);\n        var key2 = key($bm_sum(n, 1));\n    } catch (e) {\n        return null;\n    }\n    t = $bm_sub(time, key1.time);\n    d = $bm_sub(key2.time, key1.time);\n    sX = key1.time;\n    eX = $bm_sub(key2.time, key1.time);\n    if (time < key1.time || time > key2.time) {\n        return null;\n    } else {\n        return valueAtTime(easeandwizz_inoutExpo(t, sX, eX, d));\n    }\n}\n$bm_rt = easeAndWizz() || value;","l":2}},"ao":0,"ip":0,"op":1000,"st":0,"bm":0},{"ddd":0,"ind":2,"ty":2,"nm":"ball 2","parent":11,"refId":"image_1","sr":1,"ks":{"o":{"a":0,"k":100,"ix":11},"r":{"a":0,"k":0,"ix":10},"p":{"a":1,"k":[{"i":{"x":0.14,"y":1},"o":{"x":0.27,"y":0},"t":29,"s":[261.144,-23.683,0],"to":[-40.655,-408.05,0],"ti":[-1.042,-5.57,0]},{"t":145,"s":[100.181,-458.083,0]}],"ix":2,"l":2},"a":{"a":0,"k":[44.199,40.728,0],"ix":1,"l":2},"s":{"a":1,"k":[{"i":{"x":[0.833,0.833,0.833],"y":[0.833,0.833,0.833]},"o":{"x":[0.167,0.167,0.167],"y":[0.167,0.167,0.167]},"t":49,"s":[0,0,100]},{"t":69,"s":[100,100,100]}],"ix":6,"x":"var $bm_rt;\nfunction easeandwizz_inoutExpo(t, b, c, d) {\n    var CORRECTION = 0.000976563;\n    var v;\n    if ((t /= d / 2) < 1) {\n        v = $bm_sub(Math.pow(2, $bm_mul(10, $bm_sub(t, 1))), CORRECTION);\n    } else {\n        v = $bm_sum($bm_sum($bm_neg(Math.pow(2, $bm_mul(-10, $bm_sub(t, 1)))), 2), CORRECTION);\n    }\n    return $bm_sum(b, $bm_mul($bm_div(v, 2), c));\n}\nfunction easeAndWizz() {\n    var t, d, sX, eX;\n    var n = 0;\n    if (numKeys > 0) {\n        n = nearestKey(time).index;\n        if (key(n).time > time) {\n            n--;\n        }\n    }\n    try {\n        var key1 = key(n);\n        var key2 = key($bm_sum(n, 1));\n    } catch (e) {\n        return null;\n    }\n    t = $bm_sub(time, key1.time);\n    d = $bm_sub(key2.time, key1.time);\n    sX = key1.time;\n    eX = $bm_sub(key2.time, key1.time);\n    if (time < key1.time || time > key2.time) {\n        return null;\n    } else {\n        return valueAtTime(easeandwizz_inoutExpo(t, sX, eX, d));\n    }\n}\n$bm_rt = easeAndWizz() || value;","l":2}},"ao":0,"ip":29,"op":1029,"st":29,"bm":0},{"ddd":0,"ind":3,"ty":2,"nm":"ball 3","parent":14,"refId":"image_2","sr":1,"ks":{"o":{"a":0,"k":100,"ix":11},"r":{"a":0,"k":0,"ix":10},"p":{"a":1,"k":[{"i":{"x":0.22,"y":1},"o":{"x":0.27,"y":0},"t":5,"s":[-316.715,416.685,0],"to":[542.153,-101.023,0],"ti":[83.181,68.62,0]},{"t":134,"s":[459.37,-307.559,0]}],"ix":2,"l":2},"a":{"a":0,"k":[44.198,40.728,0],"ix":1,"l":2},"s":{"a":1,"k":[{"i":{"x":[0.833,0.833,0.833],"y":[0.833,0.833,0.833]},"o":{"x":[0.167,0.167,0.167],"y":[0.167,0.167,0.167]},"t":0,"s":[0,0,100]},{"t":20,"s":[100,100,100]}],"ix":6,"x":"var $bm_rt;\nfunction easeandwizz_inoutExpo(t, b, c, d) {\n    var CORRECTION = 0.000976563;\n    var v;\n    if ((t /= d / 2) < 1) {\n        v = $bm_sub(Math.pow(2, $bm_mul(10, $bm_sub(t, 1))), CORRECTION);\n    } else {\n        v = $bm_sum($bm_sum($bm_neg(Math.pow(2, $bm_mul(-10, $bm_sub(t, 1)))), 2), CORRECTION);\n    }\n    return $bm_sum(b, $bm_mul($bm_div(v, 2), c));\n}\nfunction easeAndWizz() {\n    var t, d, sX, eX;\n    var n = 0;\n    if (numKeys > 0) {\n        n = nearestKey(time).index;\n        if (key(n).time > time) {\n            n--;\n        }\n    }\n    try {\n        var key1 = key(n);\n        var key2 = key($bm_sum(n, 1));\n    } catch (e) {\n        return null;\n    }\n    t = $bm_sub(time, key1.time);\n    d = $bm_sub(key2.time, key1.time);\n    sX = key1.time;\n    eX = $bm_sub(key2.time, key1.time);\n    if (time < key1.time || time > key2.time) {\n        return null;\n    } else {\n        return valueAtTime(easeandwizz_inoutExpo(t, sX, eX, d));\n    }\n}\n$bm_rt = easeAndWizz() || value;","l":2}},"ao":0,"ip":-3,"op":997,"st":-3,"bm":0},{"ddd":0,"ind":4,"ty":2,"nm":"ball 4","parent":17,"refId":"image_3","sr":1,"ks":{"o":{"a":0,"k":100,"ix":11},"r":{"a":0,"k":0,"ix":10},"p":{"a":1,"k":[{"i":{"x":0.23,"y":1},"o":{"x":0.27,"y":0},"t":36,"s":[-111.329,229.648,0],"to":[79.329,88.352,0],"ti":[31.329,270.352,0]},{"t":142,"s":[470.671,299.648,0]}],"ix":2,"l":2},"a":{"a":0,"k":[44.198,40.728,0],"ix":1,"l":2},"s":{"a":1,"k":[{"i":{"x":[0.833,0.833,0.833],"y":[0.833,0.833,0.833]},"o":{"x":[0.167,0.167,0.167],"y":[0.167,0.167,0.167]},"t":54,"s":[0,0,100]},{"t":74,"s":[100,100,100]}],"ix":6,"x":"var $bm_rt;\nfunction easeandwizz_inoutExpo(t, b, c, d) {\n    var CORRECTION = 0.000976563;\n    var v;\n    if ((t /= d / 2) < 1) {\n        v = $bm_sub(Math.pow(2, $bm_mul(10, $bm_sub(t, 1))), CORRECTION);\n    } else {\n        v = $bm_sum($bm_sum($bm_neg(Math.pow(2, $bm_mul(-10, $bm_sub(t, 1)))), 2), CORRECTION);\n    }\n    return $bm_sum(b, $bm_mul($bm_div(v, 2), c));\n}\nfunction easeAndWizz() {\n    var t, d, sX, eX;\n    var n = 0;\n    if (numKeys > 0) {\n        n = nearestKey(time).index;\n        if (key(n).time > time) {\n            n--;\n        }\n    }\n    try {\n        var key1 = key(n);\n        var key2 = key($bm_sum(n, 1));\n    } catch (e) {\n        return null;\n    }\n    t = $bm_sub(time, key1.time);\n    d = $bm_sub(key2.time, key1.time);\n    sX = key1.time;\n    eX = $bm_sub(key2.time, key1.time);\n    if (time < key1.time || time > key2.time) {\n        return null;\n    } else {\n        return valueAtTime(easeandwizz_inoutExpo(t, sX, eX, d));\n    }\n}\n$bm_rt = easeAndWizz() || value;","l":2}},"ao":0,"ip":15,"op":1015,"st":15,"bm":0},{"ddd":0,"ind":5,"ty":2,"nm":"ball 5","parent":17,"refId":"image_4","sr":1,"ks":{"o":{"a":0,"k":100,"ix":11},"r":{"a":0,"k":0,"ix":10},"p":{"a":1,"k":[{"i":{"x":0.23,"y":1},"o":{"x":0.27,"y":0},"t":31,"s":[-234.415,129.338,0],"to":[90.667,80.667,0],"ti":[-124.667,-60.667,0]},{"t":118,"s":[81.585,349.338,0]}],"ix":2,"l":2},"a":{"a":0,"k":[44.198,40.728,0],"ix":1,"l":2},"s":{"a":1,"k":[{"i":{"x":[0.833,0.833,0.833],"y":[0.833,0.833,0.833]},"o":{"x":[0.167,0.167,0.167],"y":[0.167,0.167,0.167]},"t":29,"s":[0,0,100]},{"t":49,"s":[100,100,100]}],"ix":6,"x":"var $bm_rt;\nfunction easeandwizz_inoutExpo(t, b, c, d) {\n    var CORRECTION = 0.000976563;\n    var v;\n    if ((t /= d / 2) < 1) {\n        v = $bm_sub(Math.pow(2, $bm_mul(10, $bm_sub(t, 1))), CORRECTION);\n    } else {\n        v = $bm_sum($bm_sum($bm_neg(Math.pow(2, $bm_mul(-10, $bm_sub(t, 1)))), 2), CORRECTION);\n    }\n    return $bm_sum(b, $bm_mul($bm_div(v, 2), c));\n}\nfunction easeAndWizz() {\n    var t, d, sX, eX;\n    var n = 0;\n    if (numKeys > 0) {\n        n = nearestKey(time).index;\n        if (key(n).time > time) {\n            n--;\n        }\n    }\n    try {\n        var key1 = key(n);\n        var key2 = key($bm_sum(n, 1));\n    } catch (e) {\n        return null;\n    }\n    t = $bm_sub(time, key1.time);\n    d = $bm_sub(key2.time, key1.time);\n    sX = key1.time;\n    eX = $bm_sub(key2.time, key1.time);\n    if (time < key1.time || time > key2.time) {\n        return null;\n    } else {\n        return valueAtTime(easeandwizz_inoutExpo(t, sX, eX, d));\n    }\n}\n$bm_rt = easeAndWizz() || value;","l":2}},"ao":0,"ip":29,"op":1000,"st":0,"bm":0},{"ddd":0,"ind":6,"ty":2,"nm":"ball 6","parent":14,"refId":"image_5","sr":1,"ks":{"o":{"a":0,"k":100,"ix":11},"r":{"a":0,"k":0,"ix":10},"p":{"a":1,"k":[{"i":{"x":0.23,"y":1},"o":{"x":0.27,"y":0},"t":0,"s":[-349.091,31.494,0],"to":[-223.109,270.332,0],"ti":[-105.291,-4.917,0]},{"t":159,"s":[-374.066,417.975,0]}],"ix":2,"l":2},"a":{"a":0,"k":[44.198,40.728,0],"ix":1,"l":2},"s":{"a":1,"k":[{"i":{"x":[0.833,0.833,0.833],"y":[0.833,0.833,0.833]},"o":{"x":[0.167,0.167,0.167],"y":[0.167,0.167,0.167]},"t":0,"s":[0,0,100]},{"t":20,"s":[100,100,100]}],"ix":6,"x":"var $bm_rt;\nfunction easeandwizz_inoutExpo(t, b, c, d) {\n    var CORRECTION = 0.000976563;\n    var v;\n    if ((t /= d / 2) < 1) {\n        v = $bm_sub(Math.pow(2, $bm_mul(10, $bm_sub(t, 1))), CORRECTION);\n    } else {\n        v = $bm_sum($bm_sum($bm_neg(Math.pow(2, $bm_mul(-10, $bm_sub(t, 1)))), 2), CORRECTION);\n    }\n    return $bm_sum(b, $bm_mul($bm_div(v, 2), c));\n}\nfunction easeAndWizz() {\n    var t, d, sX, eX;\n    var n = 0;\n    if (numKeys > 0) {\n        n = nearestKey(time).index;\n        if (key(n).time > time) {\n            n--;\n        }\n    }\n    try {\n        var key1 = key(n);\n        var key2 = key($bm_sum(n, 1));\n    } catch (e) {\n        return null;\n    }\n    t = $bm_sub(time, key1.time);\n    d = $bm_sub(key2.time, key1.time);\n    sX = key1.time;\n    eX = $bm_sub(key2.time, key1.time);\n    if (time < key1.time || time > key2.time) {\n        return null;\n    } else {\n        return valueAtTime(easeandwizz_inoutExpo(t, sX, eX, d));\n    }\n}\n$bm_rt = easeAndWizz() || value;","l":2}},"ao":0,"ip":0,"op":1000,"st":0,"bm":0},{"ddd":0,"ind":7,"ty":2,"nm":"ball 10","parent":11,"refId":"image_6","sr":1,"ks":{"o":{"a":0,"k":100,"ix":11},"r":{"a":0,"k":0,"ix":10},"p":{"a":1,"k":[{"i":{"x":0.14,"y":1},"o":{"x":0.27,"y":0},"t":21,"s":[-130.804,-454.64,0],"to":[-118.819,139.025,0],"ti":[7.702,-81.223,0]},{"t":139,"s":[-272,-49,0]}],"ix":2,"l":2},"a":{"a":0,"k":[123.507,32.534,0],"ix":1,"l":2},"s":{"a":1,"k":[{"i":{"x":[0.833,0.833,0.833],"y":[0.833,0.833,0.833]},"o":{"x":[0.167,0.167,0.167],"y":[0.167,0.167,0.167]},"t":21,"s":[0,0,100]},{"t":41,"s":[100,100,100]}],"ix":6,"x":"var $bm_rt;\nfunction easeandwizz_inoutExpo(t, b, c, d) {\n    var CORRECTION = 0.000976563;\n    var v;\n    if ((t /= d / 2) < 1) {\n        v = $bm_sub(Math.pow(2, $bm_mul(10, $bm_sub(t, 1))), CORRECTION);\n    } else {\n        v = $bm_sum($bm_sum($bm_neg(Math.pow(2, $bm_mul(-10, $bm_sub(t, 1)))), 2), CORRECTION);\n    }\n    return $bm_sum(b, $bm_mul($bm_div(v, 2), c));\n}\nfunction easeAndWizz() {\n    var t, d, sX, eX;\n    var n = 0;\n    if (numKeys > 0) {\n        n = nearestKey(time).index;\n        if (key(n).time > time) {\n            n--;\n        }\n    }\n    try {\n        var key1 = key(n);\n        var key2 = key($bm_sum(n, 1));\n    } catch (e) {\n        return null;\n    }\n    t = $bm_sub(time, key1.time);\n    d = $bm_sub(key2.time, key1.time);\n    sX = key1.time;\n    eX = $bm_sub(key2.time, key1.time);\n    if (time < key1.time || time > key2.time) {\n        return null;\n    } else {\n        return valueAtTime(easeandwizz_inoutExpo(t, sX, eX, d));\n    }\n}\n$bm_rt = easeAndWizz() || value;","l":2}},"ao":0,"hasMask":true,"masksProperties":[{"inv":false,"mode":"a","pt":{"a":0,"k":{"i":[[17,0],[0,-19.5],[-23.5,0],[0,15.5]],"o":[[-21.5,0],[0,14.009],[23,0],[0,-23]],"v":[[123.507,-0.466],[90.507,33.534],[124.007,65.534],[156.507,34.034]],"c":true},"ix":1},"o":{"a":0,"k":100,"ix":3},"x":{"a":0,"k":0,"ix":4},"nm":"Mask 1"}],"ip":3,"op":1003,"st":3,"bm":0},{"ddd":0,"ind":8,"ty":2,"nm":"ball 7","parent":17,"refId":"image_6","sr":1,"ks":{"o":{"a":0,"k":100,"ix":11},"r":{"a":0,"k":0,"ix":10},"p":{"a":1,"k":[{"i":{"x":0.23,"y":1},"o":{"x":0.27,"y":0},"t":14,"s":[-456,-346.75,0],"to":[-96,167.333,0],"ti":[-60,-43.333,0]},{"t":112,"s":[-288,33.25,0]}],"ix":2,"l":2},"a":{"a":0,"k":[107.507,114.784,0],"ix":1,"l":2},"s":{"a":1,"k":[{"i":{"x":[0.833,0.833,0.833],"y":[0.833,0.833,0.833]},"o":{"x":[0.167,0.167,0.167],"y":[0.167,0.167,0.167]},"t":14,"s":[0,0,100]},{"t":34,"s":[100,100,100]}],"ix":6,"x":"var $bm_rt;\nfunction easeandwizz_inoutExpo(t, b, c, d) {\n    var CORRECTION = 0.000976563;\n    var v;\n    if ((t /= d / 2) < 1) {\n        v = $bm_sub(Math.pow(2, $bm_mul(10, $bm_sub(t, 1))), CORRECTION);\n    } else {\n        v = $bm_sum($bm_sum($bm_neg(Math.pow(2, $bm_mul(-10, $bm_sub(t, 1)))), 2), CORRECTION);\n    }\n    return $bm_sum(b, $bm_mul($bm_div(v, 2), c));\n}\nfunction easeAndWizz() {\n    var t, d, sX, eX;\n    var n = 0;\n    if (numKeys > 0) {\n        n = nearestKey(time).index;\n        if (key(n).time > time) {\n            n--;\n        }\n    }\n    try {\n        var key1 = key(n);\n        var key2 = key($bm_sum(n, 1));\n    } catch (e) {\n        return null;\n    }\n    t = $bm_sub(time, key1.time);\n    d = $bm_sub(key2.time, key1.time);\n    sX = key1.time;\n    eX = $bm_sub(key2.time, key1.time);\n    if (time < key1.time || time > key2.time) {\n        return null;\n    } else {\n        return valueAtTime(easeandwizz_inoutExpo(t, sX, eX, d));\n    }\n}\n$bm_rt = easeAndWizz() || value;","l":2}},"ao":0,"hasMask":true,"masksProperties":[{"inv":false,"mode":"a","pt":{"a":0,"k":{"i":[[56.057,0],[0,-48],[-56.057,0],[0,56.057]],"o":[[-56.057,0],[0,56.057],[56.057,0],[0,-48.5]],"v":[[107.507,21.034],[12.507,111.034],[107.507,208.534],[202.507,111.034]],"c":true},"ix":1},"o":{"a":0,"k":100,"ix":3},"x":{"a":0,"k":0,"ix":4},"nm":"Mask 1"}],"ip":14,"op":1014,"st":14,"bm":0},{"ddd":0,"ind":9,"ty":2,"nm":"ball 9","parent":11,"refId":"image_7","sr":1,"ks":{"o":{"a":0,"k":100,"ix":11},"r":{"a":0,"k":0,"ix":10},"p":{"a":1,"k":[{"i":{"x":0.14,"y":1},"o":{"x":0.27,"y":0},"t":32,"s":[-46.588,549.887,0],"to":[147.01,33.233,0],"ti":[-53.095,315.702,0]},{"t":136,"s":[260.25,133.625,0]}],"ix":2,"l":2},"a":{"a":0,"k":[85.143,200.128,0],"ix":1,"l":2},"s":{"a":1,"k":[{"i":{"x":[0.833,0.833,0.833],"y":[0.833,0.833,0.833]},"o":{"x":[0.167,0.167,0.167],"y":[0.167,0.167,0.167]},"t":38,"s":[0,0,100]},{"t":58,"s":[100,100,100]}],"ix":6,"x":"var $bm_rt;\nfunction easeandwizz_inoutExpo(t, b, c, d) {\n    var CORRECTION = 0.000976563;\n    var v;\n    if ((t /= d / 2) < 1) {\n        v = $bm_sub(Math.pow(2, $bm_mul(10, $bm_sub(t, 1))), CORRECTION);\n    } else {\n        v = $bm_sum($bm_sum($bm_neg(Math.pow(2, $bm_mul(-10, $bm_sub(t, 1)))), 2), CORRECTION);\n    }\n    return $bm_sum(b, $bm_mul($bm_div(v, 2), c));\n}\nfunction easeAndWizz() {\n    var t, d, sX, eX;\n    var n = 0;\n    if (numKeys > 0) {\n        n = nearestKey(time).index;\n        if (key(n).time > time) {\n            n--;\n        }\n    }\n    try {\n        var key1 = key(n);\n        var key2 = key($bm_sum(n, 1));\n    } catch (e) {\n        return null;\n    }\n    t = $bm_sub(time, key1.time);\n    d = $bm_sub(key2.time, key1.time);\n    sX = key1.time;\n    eX = $bm_sub(key2.time, key1.time);\n    if (time < key1.time || time > key2.time) {\n        return null;\n    } else {\n        return valueAtTime(easeandwizz_inoutExpo(t, sX, eX, d));\n    }\n}\n$bm_rt = easeAndWizz() || value;","l":2}},"ao":0,"hasMask":true,"masksProperties":[{"inv":false,"mode":"a","pt":{"a":0,"k":{"i":[[25.75,0],[0,-6],[-18,0],[0,13.5]],"o":[[-30.75,0],[0,17.5],[22.5,0],[0,-12.75]],"v":[[85.393,167.253],[51.393,201.503],[85.893,233.003],[118.893,200.753]],"c":true},"ix":1},"o":{"a":0,"k":100,"ix":3},"x":{"a":0,"k":0,"ix":4},"nm":"Mask 1"}],"ip":0,"op":1000,"st":0,"bm":0},{"ddd":0,"ind":10,"ty":2,"nm":"ball 8","parent":14,"refId":"image_7","sr":1,"ks":{"o":{"a":0,"k":100,"ix":11},"r":{"a":0,"k":0,"ix":10},"p":{"a":1,"k":[{"i":{"x":0.14,"y":1},"o":{"x":0.27,"y":0},"t":27,"s":[-141.862,350.542,0],"to":[115.344,-58.462,0],"ti":[-78.658,73.368,0]},{"t":117,"s":[278,23.5,0]}],"ix":2,"l":2},"a":{"a":0,"k":[102.893,90.003,0],"ix":1,"l":2},"s":{"a":1,"k":[{"i":{"x":[0.833,0.833,0.833],"y":[0.833,0.833,0.833]},"o":{"x":[0.167,0.167,0.167],"y":[0.167,0.167,0.167]},"t":27,"s":[0,0,100]},{"t":47,"s":[100,100,100]}],"ix":6,"x":"var $bm_rt;\nfunction easeandwizz_inoutExpo(t, b, c, d) {\n    var CORRECTION = 0.000976563;\n    var v;\n    if ((t /= d / 2) < 1) {\n        v = $bm_sub(Math.pow(2, $bm_mul(10, $bm_sub(t, 1))), CORRECTION);\n    } else {\n        v = $bm_sum($bm_sum($bm_neg(Math.pow(2, $bm_mul(-10, $bm_sub(t, 1)))), 2), CORRECTION);\n    }\n    return $bm_sum(b, $bm_mul($bm_div(v, 2), c));\n}\nfunction easeAndWizz() {\n    var t, d, sX, eX;\n    var n = 0;\n    if (numKeys > 0) {\n        n = nearestKey(time).index;\n        if (key(n).time > time) {\n            n--;\n        }\n    }\n    try {\n        var key1 = key(n);\n        var key2 = key($bm_sum(n, 1));\n    } catch (e) {\n        return null;\n    }\n    t = $bm_sub(time, key1.time);\n    d = $bm_sub(key2.time, key1.time);\n    sX = key1.time;\n    eX = $bm_sub(key2.time, key1.time);\n    if (time < key1.time || time > key2.time) {\n        return null;\n    } else {\n        return valueAtTime(easeandwizz_inoutExpo(t, sX, eX, d));\n    }\n}\n$bm_rt = easeAndWizz() || value;","l":2}},"ao":0,"hasMask":true,"masksProperties":[{"inv":false,"mode":"a","pt":{"a":0,"k":{"i":[[50.258,0],[0,-50.258],[-50.258,0],[0,50.258]],"o":[[-50.258,0],[0,50.258],[50.258,0],[0,-50.258]],"v":[[103.893,-0.497],[11.393,91.503],[100.893,180.503],[194.393,91.503]],"c":true},"ix":1},"o":{"a":0,"k":100,"ix":3},"x":{"a":0,"k":0,"ix":4},"nm":"Mask 1"}],"ip":0,"op":1000,"st":0,"bm":0},{"ddd":0,"ind":11,"ty":3,"nm":"CERCLE_1","sr":1,"ks":{"o":{"a":0,"k":0,"ix":11},"r":{"a":1,"k":[{"i":{"x":[0.14],"y":[1]},"o":{"x":[0.167],"y":[0.167]},"t":0,"s":[-24]},{"t":139,"s":[0]}],"ix":10},"p":{"a":0,"k":[614,564,0],"ix":2,"l":2},"a":{"a":0,"k":[0,0,0],"ix":1,"l":2},"s":{"a":0,"k":[100,100,100],"ix":6,"l":2}},"ao":0,"ip":0,"op":1000,"st":0,"bm":0},{"ddd":0,"ind":12,"ty":4,"nm":"mask 1","parent":11,"td":1,"sr":1,"ks":{"o":{"a":0,"k":100,"ix":11},"r":{"a":0,"k":59,"ix":10},"p":{"a":0,"k":[9.13,34.44,0],"ix":2,"l":2},"a":{"a":0,"k":[-25.438,-49.52,0],"ix":1,"l":2},"s":{"a":0,"k":[107,107,100],"ix":6,"l":2}},"ao":0,"shapes":[{"ty":"gr","it":[{"ind":0,"ty":"sh","ix":1,"ks":{"a":0,"k":{"i":[[41.456,-66.326],[-376.902,-229.26],[-40.594,63.57],[289.333,180.22]],"o":[[-25.506,40.807],[292.033,177.636],[39.904,-62.49],[-386.948,-241.022]],"v":[[-479.187,-299.472],[-143.761,187.461],[393.588,223.467],[129.904,-231.255]],"c":true},"ix":2},"nm":"Path 1","mn":"ADBE Vector Shape - Group","hd":false},{"ty":"st","c":{"a":0,"k":[1,0,0,1],"ix":3},"o":{"a":0,"k":100,"ix":4},"w":{"a":0,"k":14,"ix":5},"lc":1,"lj":1,"ml":4,"bm":0,"nm":"Stroke 1","mn":"ADBE Vector Graphic - Stroke","hd":false},{"ty":"tr","p":{"a":0,"k":[0,0],"ix":2},"a":{"a":0,"k":[0,0],"ix":1},"s":{"a":0,"k":[100,100],"ix":3},"r":{"a":0,"k":0,"ix":6},"o":{"a":0,"k":100,"ix":7},"sk":{"a":0,"k":0,"ix":4},"sa":{"a":0,"k":0,"ix":5},"nm":"Transform"}],"nm":"Shape 1","np":3,"cix":2,"bm":0,"ix":1,"mn":"ADBE Vector Group","hd":false},{"ty":"tm","s":{"a":0,"k":0,"ix":1},"e":{"a":1,"k":[{"i":{"x":[0.37],"y":[1]},"o":{"x":[0.28],"y":[0]},"t":16,"s":[0]},{"t":65,"s":[100]}],"ix":2},"o":{"a":0,"k":-60,"ix":3},"m":1,"ix":2,"nm":"Trim Paths 1","mn":"ADBE Vector Filter - Trim","hd":false}],"ip":16,"op":1016,"st":16,"bm":0},{"ddd":0,"ind":13,"ty":2,"nm":"cercle 1","parent":11,"tt":1,"refId":"image_8","sr":1,"ks":{"o":{"a":0,"k":100,"ix":11},"r":{"a":0,"k":0,"ix":10},"p":{"a":0,"k":[-6.529,24.22,0],"ix":2,"l":2},"a":{"a":0,"k":[272.482,543.998,0],"ix":1,"l":2},"s":{"a":0,"k":[100,100,100],"ix":6,"l":2}},"ao":0,"ip":16,"op":1016,"st":16,"bm":0},{"ddd":0,"ind":14,"ty":3,"nm":"CERCLE_2","sr":1,"ks":{"o":{"a":0,"k":0,"ix":11},"r":{"a":1,"k":[{"i":{"x":[0.14],"y":[1]},"o":{"x":[0.167],"y":[0.167]},"t":0,"s":[23]},{"t":157,"s":[0]}],"ix":10},"p":{"a":0,"k":[614,564,0],"ix":2,"l":2},"a":{"a":0,"k":[0,0,0],"ix":1,"l":2},"s":{"a":0,"k":[100,100,100],"ix":6,"l":2}},"ao":0,"ip":0,"op":1000,"st":0,"bm":0},{"ddd":0,"ind":15,"ty":4,"nm":"mask 3","parent":14,"td":1,"sr":1,"ks":{"o":{"a":0,"k":100,"ix":11},"r":{"a":0,"k":-69,"ix":10},"p":{"a":0,"k":[11.13,10.44,0],"ix":2,"l":2},"a":{"a":0,"k":[-25.438,-49.52,0],"ix":1,"l":2},"s":{"a":0,"k":[107,107,100],"ix":6,"l":2}},"ao":0,"shapes":[{"ty":"gr","it":[{"ind":0,"ty":"sh","ix":1,"ks":{"a":0,"k":{"i":[[41.456,-66.326],[-375.254,-231.947],[-40.594,63.57],[292.019,175.835]],"o":[[-25.506,40.807],[349.03,215.739],[39.904,-62.49],[-369.948,-222.76]],"v":[[-504.715,-345.655],[-160.48,117.799],[425.776,225.722],[97.03,-222.161]],"c":true},"ix":2},"nm":"Path 1","mn":"ADBE Vector Shape - Group","hd":false},{"ty":"st","c":{"a":0,"k":[1,0,0,1],"ix":3},"o":{"a":0,"k":100,"ix":4},"w":{"a":0,"k":14,"ix":5},"lc":1,"lj":1,"ml":4,"bm":0,"nm":"Stroke 1","mn":"ADBE Vector Graphic - Stroke","hd":false},{"ty":"tr","p":{"a":0,"k":[0,0],"ix":2},"a":{"a":0,"k":[0,0],"ix":1},"s":{"a":0,"k":[100,100],"ix":3},"r":{"a":0,"k":0,"ix":6},"o":{"a":0,"k":100,"ix":7},"sk":{"a":0,"k":0,"ix":4},"sa":{"a":0,"k":0,"ix":5},"nm":"Transform"}],"nm":"Shape 1","np":3,"cix":2,"bm":0,"ix":1,"mn":"ADBE Vector Group","hd":false},{"ty":"tm","s":{"a":0,"k":0,"ix":1},"e":{"a":1,"k":[{"i":{"x":[0.37],"y":[1]},"o":{"x":[0.167],"y":[0.167]},"t":0,"s":[0]},{"t":49,"s":[100]}],"ix":2},"o":{"a":0,"k":-60,"ix":3},"m":1,"ix":2,"nm":"Trim Paths 1","mn":"ADBE Vector Filter - Trim","hd":false}],"ip":0,"op":1000,"st":0,"bm":0},{"ddd":0,"ind":16,"ty":2,"nm":"cercle 2","parent":14,"tt":1,"refId":"image_9","sr":1,"ks":{"o":{"a":0,"k":100,"ix":11},"r":{"a":0,"k":0,"ix":10},"p":{"a":0,"k":[-6.529,24.22,0],"ix":2,"l":2},"a":{"a":0,"k":[541.203,457.564,0],"ix":1,"l":2},"s":{"a":0,"k":[100,100,100],"ix":6,"l":2}},"ao":0,"ip":0,"op":1000,"st":0,"bm":0},{"ddd":0,"ind":17,"ty":3,"nm":"CERCLE_3","sr":1,"ks":{"o":{"a":0,"k":0,"ix":11},"r":{"a":1,"k":[{"i":{"x":[0.23],"y":[1]},"o":{"x":[0.167],"y":[0]},"t":0,"s":[0]},{"t":104,"s":[0]}],"ix":10},"p":{"a":0,"k":[614,564,0],"ix":2,"l":2},"a":{"a":0,"k":[0,0,0],"ix":1,"l":2},"s":{"a":0,"k":[100,100,100],"ix":6,"l":2}},"ao":0,"ip":0,"op":1000,"st":0,"bm":0},{"ddd":0,"ind":18,"ty":4,"nm":"mask 2","parent":17,"td":1,"sr":1,"ks":{"o":{"a":0,"k":100,"ix":11},"r":{"a":0,"k":6,"ix":10},"p":{"a":0,"k":[9.13,34.44,0],"ix":2,"l":2},"a":{"a":0,"k":[-25.438,-49.52,0],"ix":1,"l":2},"s":{"a":0,"k":[107,107,100],"ix":6,"l":2}},"ao":0,"shapes":[{"ty":"gr","it":[{"ind":0,"ty":"sh","ix":1,"ks":{"a":0,"k":{"i":[[41.456,-66.326],[-375.254,-231.947],[-40.594,63.57],[292.019,175.835]],"o":[[-25.506,40.807],[349.03,215.739],[39.904,-62.49],[-369.948,-222.76]],"v":[[-504.715,-345.655],[-160.48,117.799],[425.776,225.722],[97.03,-222.161]],"c":true},"ix":2},"nm":"Path 1","mn":"ADBE Vector Shape - Group","hd":false},{"ty":"st","c":{"a":0,"k":[1,0,0,1],"ix":3},"o":{"a":0,"k":100,"ix":4},"w":{"a":0,"k":14,"ix":5},"lc":1,"lj":1,"ml":4,"bm":0,"nm":"Stroke 1","mn":"ADBE Vector Graphic - Stroke","hd":false},{"ty":"tr","p":{"a":0,"k":[0,0],"ix":2},"a":{"a":0,"k":[0,0],"ix":1},"s":{"a":0,"k":[100,100],"ix":3},"r":{"a":0,"k":0,"ix":6},"o":{"a":0,"k":100,"ix":7},"sk":{"a":0,"k":0,"ix":4},"sa":{"a":0,"k":0,"ix":5},"nm":"Transform"}],"nm":"Shape 1","np":3,"cix":2,"bm":0,"ix":1,"mn":"ADBE Vector Group","hd":false},{"ty":"tm","s":{"a":0,"k":0,"ix":1},"e":{"a":1,"k":[{"i":{"x":[0.37],"y":[1]},"o":{"x":[0.28],"y":[0]},"t":10,"s":[0]},{"t":59,"s":[100]}],"ix":2},"o":{"a":0,"k":-60,"ix":3},"m":1,"ix":2,"nm":"Trim Paths 1","mn":"ADBE Vector Filter - Trim","hd":false}],"ip":10,"op":1010,"st":10,"bm":0},{"ddd":0,"ind":19,"ty":2,"nm":"cercle 3","parent":17,"tt":1,"refId":"image_10","sr":1,"ks":{"o":{"a":0,"k":100,"ix":11},"r":{"a":0,"k":0,"ix":10},"p":{"a":0,"k":[-6.528,24.22,0],"ix":2,"l":2},"a":{"a":0,"k":[541.203,457.564,0],"ix":1,"l":2},"s":{"a":0,"k":[100,100,100],"ix":6,"l":2}},"ao":0,"ip":10,"op":1010,"st":10,"bm":0}],"markers":[]}